year,country,number_of_issued_numerical,continent
2017,total,741415,
2017,Afghanistan,46,Asia
2017,Albania,7,Europe
2017,Algeria,19,Africa
2017,Russia,0,Europe
2017,Angola,12,Africa
2017,Antigua and Barbuda,8,North America
2017,Azerbaijan,8,Asia
2017,Argentina,0,South America
2017,Australia,281,Oceania
2017,Austria,0,Europe
2017,Bahamas,0,North America
2017,Bahrain,59,Asia
2017,Bangladesh,159,Asia
2017,Armenia,3,Asia
2017,Barbados,0,North America
2017,Belgium,2,Europe
2017,Bhutan,148,Asia
2017,"Bolivia, Plurinational State of",35,South America
2017,Bosnia and Herzegovina,5,Europe
2017,Botswana,12,Africa
2017,Brazil,2635,South America
2017,Belize,3,North America
2017,Solomon Islands,26,Oceania
2017,Brunei Darussalam,9,Asia
2017,Bulgaria,14,Europe
2017,Myanmar,557,Asia
2017,Bhutan,2,Asia
2017,Belarus,33,Europe
2017,Cambodia,447,Asia
2017,Cameroon,26,Africa
2017,Canada,761,North America
2017,Cabo Verde,0,Africa
2017,Central African Republic,0,Africa
2017,Sri Lanka,247,Asia
2017,Chad,1,Africa
2017,Chile,6,South America
2017,China,586281,Asia
2017,"Taiwan, Province of China",684,Asia
2017,Colombia,979,South America
2017,Comoros,4,Africa
2017,Congo,15,Africa
2017,"Congo, The Democratic Republic of the",33,Africa
2017,Costa Rica,3,North America
2017,Croatia,0,Europe
2017,Cuba,49,North America
2017,Cyprus,1,Asia
2017,Central African Republic,3,Africa
2017,Benin,11,Africa
2017,Denmark,5,Europe
2017,Dominica,3,North America
2017,Dominican Republic,1,North America
2017,Ecuador,286,South America
2017,El Salvador,0,North America
2017,Equatorial Guinea,2,Africa
2017,Ethiopia,35,Africa
2017,Eritrea,4,Africa
2017,Estonia,1,Europe
2017,Georgia,11,Asia
2017,Fiji,32,Oceania
2017,Finland,6,Europe
2017,France,119,Europe
2017,Djibouti,9,Africa
2017,Gabon,7,Africa
2017,Gambia,3,Africa
2017,"Palestine, State of",4,Asia
2017,Germany,1662,Europe
2017,Ghana,29,Africa
2017,Kiribati,24,Oceania
2017,Greece,1,Europe
2017,Grenada,0,North America
2017,Guatemala,0,North America
2017,Guinea,24,Africa
2017,Guyana,1,South America
2017,Haiti,9,North America
2017,Honduras,0,North America
2017,China,1,Asia
2017,Hong Kong,15,Asia
2017,Hong Kong,1152,Asia
2017,Hungary,1,Europe
2017,Iceland,19,Europe
2017,India,18707,Asia
2017,Indonesia,9938,Asia
2017,"Iran, Islamic Republic of",63,Asia
2017,Iraq,15,Asia
2017,Ireland,93,Europe
2017,Israel,13,Asia
2017,Italy,3,Europe
2017,Côte d'Ivoire,39,Africa
2017,Jamaica,24,North America
2017,Kazakhstan,118,Asia
2017,Jordan,68,Asia
2017,Kenya,34,Africa
2017,"Korea, Republic of",0,Asia
2017,"Korea, Republic of",5468,Asia
2017,Kuwait,87,Asia
2017,Kyrgyzstan,22,Asia
2017,Laos,163,Asia
2017,Lebanon,54,Asia
2017,Lesotho,0,Africa
2017,Latvia,5,Europe
2017,Liberia,3,Africa
2017,Libya,7,Africa
2017,Liechtenstein,0,Europe
2017,Lithuania,7,Europe
2017,Luxembourg,0,Europe
2017,Macau,97,Asia
2017,Macao,0,Asia
2017,Madagascar,8,Africa
2017,Malawi,7,Africa
2017,Malaysia,1424,Asia
2017,Maldives,27,Asia
2017,Northern Mariana Islands,14,Oceania
2017,Malta,0,Europe
2017,Mauritania,3,Africa
2017,Mauritius,0,Africa
2017,Mexico,5,North America
2017,Monaco,0,Europe
2017,Mongolia,1149,Asia
2017,Moldova,2,Europe
2017,Montenegro,2,Europe
2017,Morocco,25,Africa
2017,Mozambique,82,Africa
2017,Oman,77,Asia
2017,Namibia,3,Africa
2017,Nauru,18,Oceania
2017,Nepal,203,Asia
2017,Netherlands,0,Europe
2017,Vanuatu,16,Oceania
2017,New Zealand,13,Oceania
2017,Nicaragua,5,North America
2017,Niger,5,Africa
2017,Nigeria,47,Africa
2017,Norway,10,Europe
2017,"Micronesia, Federated States of",162,Oceania
2017,Marshall Islands,12,Oceania
2017,Palau,276,Oceania
2017,Pakistan,309,Asia
2017,Panama,91,North America
2017,Papua New Guinea,66,Oceania
2017,Paraguay,19,South America
2017,Peru,282,South America
2017,Philippines,70767,Asia
2017,Poland,1,Europe
2017,Portugal,2,Europe
2017,Guinea,1,Africa
2017,Dominican Republic,37,North America
2017,Qatar,112,Asia
2017,Romania,2,Europe
2017,Russian Federation,9098,Europe
2017,Rwanda,3,Africa
2017,Saint Kitts and Nevis,16,North America
2017,St. Lucia,2,North America
2017,Saint Vincent and the Grenadines,0,North America
2017,San Marino,0,Europe
2017,Sao Tome and Principe,0,Africa
2017,Saudi Arabia,1573,Asia
2017,Senegal,61,Africa
2017,Serbia,2,Europe
2017,Seychelles,2,Africa
2017,Sierra Leone,3,Africa
2017,Singapore,11,Asia
2017,Slovakia,0,Europe
2017,Viet Nam,2841,Asia
2017,Slovenia,0,Europe
2017,Somalia,0,Africa
2017,South Africa,604,Africa
2017,Zimbabwe,9,Africa
2017,Spain,5,Europe
2017,South Sudan,6,Africa
2017,Sudan,32,Africa
2017,Saint Helena,0,
2017,Eswatini,5,Africa
2017,Sweden,530,Europe
2017,Switzerland,1,Europe
2017,Syrian Arab Republic,25,Asia
2017,Tajikistan,9,Asia
2017,Thailand,212,Asia
2017,Togo,8,Africa
2017,Tonga,14,Oceania
2017,Trinidad and Tobago,18,North America
2017,United Arab Emirates,1703,Asia
2017,Tunisia,7,Africa
2017,Turkey,2,Asia
2017,Turkmenistan,2,Asia
2017,Zimbabwe,10,Africa
2017,Uganda,27,Africa
2017,Ukraine,221,Europe
2017,Central African Republic,0,Africa
2017,Egypt,232,Africa
2017,British Indian Ocean Territory,175,Asia
2017,"Tanzania, United Republic of",12,Africa
2017,United States,15779,North America
2017,Burkina Faso,26,Africa
2017,Uruguay,2,South America
2017,Uzbekistan,33,Asia
2017,"Venezuela, Bolivarian Republic of",104,South America
2017,Samoa,1,Oceania
2017,Yemen,17,Asia
2017,Zambia,24,Africa
2017,Kosovo,7,
2017,others,529,
2016,total,461931,
2016,Afghanistan,60,Asia
2016,Albania,10,Europe
2016,Algeria,42,Africa
2016,Russia,0,Europe
2016,Angola,56,Africa
2016,Antigua and Barbuda,6,North America
2016,Azerbaijan,4,Asia
2016,Argentina,8,South America
2016,Australia,256,Oceania
2016,Austria,1,Europe
2016,Bahamas,0,North America
2016,Bahrain,55,Asia
2016,Bangladesh,151,Asia
2016,Armenia,4,Asia
2016,Barbados,1,North America
2016,Belgium,6,Europe
2016,Bhutan,149,Asia
2016,"Bolivia, Plurinational State of",24,South America
2016,Bosnia and Herzegovina,9,Europe
2016,Botswana,7,Africa
2016,Brazil,2027,South America
2016,Belize,5,North America
2016,Solomon Islands,16,Oceania
2016,Brunei Darussalam,1,Asia
2016,Bulgaria,1,Europe
2016,Myanmar,441,Asia
2016,Bhutan,18,Asia
2016,Belarus,27,Europe
2016,Cambodia,174,Asia
2016,Cameroon,12,Africa
2016,Canada,831,North America
2016,Cabo Verde,1,Africa
2016,Central African Republic,0,Africa
2016,Sri Lanka,214,Asia
2016,Chad,54,Africa
2016,Chile,10,South America
2016,China,306376,Asia
2016,"Taiwan, Province of China",565,Asia
2016,Colombia,726,South America
2016,Comoros,1,Africa
2016,Congo,14,Africa
2016,Zaire,0,
2016,"Congo, The Democratic Republic of the",22,Africa
2016,Costa Rica,5,North America
2016,Croatia,8,Europe
2016,Cuba,69,North America
2016,Cyprus,0,Asia
2016,Central African Republic,1,Africa
2016,Benin,10,Africa
2016,Denmark,7,Europe
2016,Dominica,1,North America
2016,Dominican Republic,0,North America
2016,Ecuador,155,South America
2016,El Salvador,5,North America
2016,Equatorial Guinea,2,Africa
2016,Ethiopia,24,Africa
2016,Eritrea,1,Africa
2016,Estonia,1,Europe
2016,Georgia,22,Asia
2016,Fiji,33,Oceania
2016,Finland,7,Europe
2016,France,111,Europe
2016,Djibouti,4,Africa
2016,Gabon,7,Africa
2016,Gambia,2,Africa
2016,"Palestine, State of",4,Asia
2016,Germany,1617,Europe
2016,Ghana,16,Africa
2016,Kiribati,33,Oceania
2016,Greece,1,Europe
2016,Grenada,2,North America
2016,Guatemala,0,North America
2016,Guinea,6,Africa
2016,Guyana,3,South America
2016,Haiti,10,North America
2016,Honduras,3,North America
2016,China,0,Asia
2016,Hong Kong,12,Asia
2016,Hong Kong,984,Asia
2016,Hungary,1,Europe
2016,Iceland,32,Europe
2016,India,14670,Asia
2016,Indonesia,9697,Asia
2016,"Iran, Islamic Republic of",82,Asia
2016,Iraq,26,Asia
2016,Ireland,70,Europe
2016,Israel,4,Asia
2016,Italy,17,Europe
2016,Côte d'Ivoire,31,Africa
2016,Jamaica,32,North America
2016,Kazakhstan,131,Asia
2016,Jordan,127,Asia
2016,Kenya,26,Africa
2016,"Korea, Republic of",0,Asia
2016,"Korea, Republic of",5212,Asia
2016,Kuwait,128,Asia
2016,Kyrgyzstan,17,Asia
2016,Laos,31,Asia
2016,Lebanon,32,Asia
2016,Lesotho,2,Africa
2016,Latvia,0,Europe
2016,Liberia,0,Africa
2016,Libya,8,Africa
2016,Liechtenstein,0,Europe
2016,Lithuania,2,Europe
2016,Luxembourg,0,Europe
2016,Macau,74,Asia
2016,Macao,1,Asia
2016,Madagascar,0,Africa
2016,Malawi,7,Africa
2016,Malaysia,1348,Asia
2016,Maldives,7,Asia
2016,Northern Mariana Islands,7,Oceania
2016,Malta,1,Europe
2016,Mauritania,7,Africa
2016,Mauritius,0,Africa
2016,Mexico,14,North America
2016,Monaco,0,Europe
2016,Mongolia,1353,Asia
2016,Moldova,1,Europe
2016,Montenegro,1,Europe
2016,Morocco,31,Africa
2016,Mozambique,15,Africa
2016,Oman,88,Asia
2016,Namibia,3,Africa
2016,Nauru,2,Oceania
2016,Nepal,152,Asia
2016,Netherlands,9,Europe
2016,Vanuatu,8,Oceania
2016,New Zealand,16,Oceania
2016,Nicaragua,13,North America
2016,Niger,8,Africa
2016,Nigeria,78,Africa
2016,Norway,19,Europe
2016,"Micronesia, Federated States of",192,Oceania
2016,Marshall Islands,29,Oceania
2016,Palau,295,Oceania
2016,Pakistan,281,Asia
2016,Panama,130,North America
2016,Papua New Guinea,78,Oceania
2016,Paraguay,28,South America
2016,Peru,319,South America
2016,Philippines,84761,Asia
2016,Poland,2,Europe
2016,Portugal,1,Europe
2016,Guinea,2,Africa
2016,Dominican Republic,40,North America
2016,Qatar,62,Asia
2016,Romania,4,Europe
2016,Russian Federation,2500,Europe
2016,Rwanda,20,Africa
2016,Saint Kitts and Nevis,12,North America
2016,St. Lucia,8,North America
2016,Saint Vincent and the Grenadines,0,North America
2016,San Marino,0,Europe
2016,Sao Tome and Principe,1,Africa
2016,Saudi Arabia,668,Asia
2016,Senegal,29,Africa
2016,Serbia,1,Europe
2016,Seychelles,5,Africa
2016,Sierra Leone,3,Africa
2016,Singapore,9,Asia
2016,Slovakia,0,Europe
2016,Viet Nam,2170,Asia
2016,Slovenia,2,Europe
2016,Somalia,4,Africa
2016,South Africa,445,Africa
2016,Zimbabwe,39,Africa
2016,Spain,8,Europe
2016,South Sudan,3,Africa
2016,Sudan,16,Africa
2016,Saint Helena,0,
2016,Eswatini,4,Africa
2016,Sweden,586,Europe
2016,Switzerland,3,Europe
2016,Syrian Arab Republic,20,Asia
2016,Tajikistan,19,Asia
2016,Thailand,213,Asia
2016,Togo,11,Africa
2016,Tonga,23,Oceania
2016,Trinidad and Tobago,20,North America
2016,United Arab Emirates,2939,Asia
2016,Tunisia,4,Africa
2016,Turkey,1,Asia
2016,Turkmenistan,1,Asia
2016,Zimbabwe,3,Africa
2016,Uganda,9,Africa
2016,Ukraine,194,Europe
2016,Central African Republic,3,Africa
2016,Egypt,322,Africa
2016,British Indian Ocean Territory,269,Asia
2016,"Tanzania, United Republic of",29,Africa
2016,United States,15205,North America
2016,Burkina Faso,9,Africa
2016,Uruguay,0,South America
2016,Uzbekistan,42,Asia
2016,"Venezuela, Bolivarian Republic of",101,South America
2016,Samoa,9,Oceania
2016,Yemen,9,Asia
2016,Zambia,16,Africa
2016,Kosovo,5,
2016,others,503,
2015,total,298020,
2015,Afghanistan,35,Asia
2015,Albania,7,Europe
2015,Algeria,27,Africa
2015,Angola,41,Africa
2015,Antigua and Barbuda,7,North America
2015,Azerbaijan,19,Asia
2015,Argentina,0,South America
2015,Australia,236,Oceania
2015,Austria,1,Europe
2015,Bahamas,0,North America
2015,Bahrain,37,Asia
2015,Bangladesh,144,Asia
2015,Armenia,6,Asia
2015,Barbados,0,North America
2015,Belgium,3,Europe
2015,Bhutan,148,Asia
2015,"Bolivia, Plurinational State of",21,South America
2015,Bosnia and Herzegovina,6,Europe
2015,Botswana,2,Africa
2015,Brazil,1840,South America
2015,Belize,3,North America
2015,Solomon Islands,37,Oceania
2015,Brunei Darussalam,7,Asia
2015,Bulgaria,4,Europe
2015,Myanmar,471,Asia
2015,Bhutan,4,Asia
2015,Belarus,26,Europe
2015,Cambodia,288,Asia
2015,Cameroon,16,Africa
2015,Canada,640,North America
2015,Cabo Verde,5,Africa
2015,Central African Republic,0,Africa
2015,Sri Lanka,236,Asia
2015,Chad,6,Africa
2015,Chile,10,South America
2015,China,155855,Asia
2015,"Taiwan, Province of China",638,Asia
2015,Colombia,530,South America
2015,Comoros,3,Africa
2015,Congo,12,Africa
2015,Zaire,0,
2015,"Congo, The Democratic Republic of the",76,Africa
2015,Costa Rica,5,North America
2015,Croatia,7,Europe
2015,Cuba,56,North America
2015,Cyprus,0,Asia
2015,Central African Republic,0,Africa
2015,Benin,50,Africa
2015,Denmark,9,Europe
2015,Dominica,4,North America
2015,Dominican Republic,1,North America
2015,Ecuador,161,South America
2015,El Salvador,4,North America
2015,Equatorial Guinea,5,Africa
2015,Ethiopia,44,Africa
2015,Eritrea,2,Africa
2015,Estonia,0,Europe
2015,Georgia,7,Asia
2015,Fiji,26,Oceania
2015,Finland,7,Europe
2015,France,146,Europe
2015,Djibouti,9,Africa
2015,Gabon,25,Africa
2015,Gambia,11,Africa
2015,"Palestine, State of",4,Asia
2015,Germany,1482,Europe
2015,Ghana,34,Africa
2015,Kiribati,27,Oceania
2015,Greece,1,Europe
2015,Grenada,1,North America
2015,Guatemala,4,North America
2015,Guinea,19,Africa
2015,Guyana,2,South America
2015,Haiti,10,North America
2015,Honduras,0,North America
2015,China,0,Asia
2015,Hong Kong,24,Asia
2015,Hong Kong,846,Asia
2015,Hungary,0,Europe
2015,Iceland,28,Europe
2015,India,12371,Asia
2015,Indonesia,8616,Asia
2015,"Iran, Islamic Republic of",45,Asia
2015,Iraq,39,Asia
2015,Ireland,49,Europe
2015,Israel,8,Asia
2015,Italy,6,Europe
2015,Côte d'Ivoire,34,Africa
2015,Jamaica,46,North America
2015,Kazakhstan,81,Asia
2015,Jordan,72,Asia
2015,Kenya,63,Africa
2015,"Korea, Republic of",0,Asia
2015,"Korea, Republic of",4700,Asia
2015,Kuwait,100,Asia
2015,Kyrgyzstan,5,Asia
2015,Laos,50,Asia
2015,Lebanon,32,Asia
2015,Lesotho,11,Africa
2015,Latvia,0,Europe
2015,Liberia,15,Africa
2015,Libya,4,Africa
2015,Liechtenstein,0,Europe
2015,Lithuania,1,Europe
2015,Luxembourg,1,Europe
2015,Macau,60,Asia
2015,Macao,2,Asia
2015,Madagascar,32,Africa
2015,Malawi,17,Africa
2015,Malaysia,659,Asia
2015,Maldives,30,Asia
2015,Northern Mariana Islands,27,Oceania
2015,Malta,0,Europe
2015,Mauritania,5,Africa
2015,Mauritius,0,Africa
2015,Mexico,8,North America
2015,Monaco,0,Europe
2015,Mongolia,1251,Asia
2015,Moldova,2,Europe
2015,Montenegro,3,Europe
2015,Morocco,30,Africa
2015,Mozambique,16,Africa
2015,Oman,60,Asia
2015,Namibia,4,Africa
2015,Nauru,17,Oceania
2015,Nepal,164,Asia
2015,Netherlands,5,Europe
2015,Vanuatu,20,Oceania
2015,New Zealand,14,Oceania
2015,Nicaragua,6,North America
2015,Niger,41,Africa
2015,Nigeria,30,Africa
2015,Norway,29,Europe
2015,"Micronesia, Federated States of",147,Oceania
2015,Marshall Islands,47,Oceania
2015,Palau,255,Oceania
2015,Pakistan,259,Asia
2015,Panama,93,North America
2015,Papua New Guinea,98,Oceania
2015,Paraguay,25,South America
2015,Peru,183,South America
2015,Philippines,78523,Asia
2015,Poland,12,Europe
2015,Portugal,4,Europe
2015,Guinea,20,Africa
2015,Dominican Republic,23,North America
2015,Qatar,96,Asia
2015,Romania,9,Europe
2015,Russian Federation,2289,Europe
2015,Rwanda,10,Africa
2015,Saint Kitts and Nevis,11,North America
2015,St. Lucia,4,North America
2015,Saint Vincent and the Grenadines,2,North America
2015,San Marino,0,Europe
2015,Sao Tome and Principe,0,Africa
2015,Saudi Arabia,709,Asia
2015,Senegal,39,Africa
2015,Serbia,2,Europe
2015,Seychelles,6,Africa
2015,Sierra Leone,16,Africa
2015,Singapore,12,Asia
2015,Slovakia,0,Europe
2015,Viet Nam,1846,Asia
2015,Slovenia,2,Europe
2015,Somalia,1,Africa
2015,South Africa,531,Africa
2015,Zimbabwe,33,Africa
2015,Spain,6,Europe
2015,South Sudan,4,Africa
2015,Sudan,36,Africa
2015,Saint Helena,0,
2015,Eswatini,68,Africa
2015,Sweden,569,Europe
2015,Switzerland,8,Europe
2015,Syrian Arab Republic,19,Asia
2015,Tajikistan,1,Asia
2015,Thailand,206,Asia
2015,Togo,47,Africa
2015,Tonga,19,Oceania
2015,Trinidad and Tobago,23,North America
2015,United Arab Emirates,2318,Asia
2015,Tunisia,6,Africa
2015,Turkey,2,Asia
2015,Turkmenistan,1,Asia
2015,Zimbabwe,12,Africa
2015,Uganda,37,Africa
2015,Ukraine,184,Europe
2015,Central African Republic,1,Africa
2015,Egypt,228,Africa
2015,British Indian Ocean Territory,185,Asia
2015,"Tanzania, United Republic of",48,Africa
2015,United States,14536,North America
2015,Burkina Faso,33,Africa
2015,Uruguay,0,South America
2015,Uzbekistan,22,Asia
2015,"Venezuela, Bolivarian Republic of",132,South America
2015,Samoa,11,Oceania
2015,Yemen,9,Asia
2015,Zambia,21,Africa
2015,Kosovo,0,
2015,others,532,
2014,total,172832,
2014,Afghanistan,29,Asia
2014,Albania,3,Europe
2014,Algeria,23,Africa
2014,Russia,0,Europe
2014,Angola,44,Africa
2014,Antigua and Barbuda,7,North America
2014,Azerbaijan,18,Asia
2014,Argentina,13,South America
2014,Australia,250,Oceania
2014,Austria,3,Europe
2014,Bahamas,0,North America
2014,Bahrain,41,Asia
2014,Bangladesh,139,Asia
2014,Armenia,8,Asia
2014,Barbados,2,North America
2014,Belgium,5,Europe
2014,Bhutan,117,Asia
2014,"Bolivia, Plurinational State of",22,South America
2014,Bosnia and Herzegovina,8,Europe
2014,Botswana,6,Africa
2014,Brazil,1990,South America
2014,Belize,5,North America
2014,Solomon Islands,10,Oceania
2014,Brunei Darussalam,16,Asia
2014,Bulgaria,2,Europe
2014,Myanmar,519,Asia
2014,Bhutan,2,Asia
2014,Belarus,35,Europe
2014,Cambodia,421,Asia
2014,Cameroon,17,Africa
2014,Canada,610,North America
2014,Cabo Verde,3,Africa
2014,Central African Republic,0,Africa
2014,Sri Lanka,185,Asia
2014,Chad,5,Africa
2014,Chile,2,South America
2014,China,63179,Asia
2014,"Taiwan, Province of China",461,Asia
2014,Colombia,462,South America
2014,Comoros,4,Africa
2014,Congo,2,Africa
2014,"Congo, The Democratic Republic of the",3,Africa
2014,Costa Rica,2,North America
2014,Croatia,0,Europe
2014,Cuba,25,North America
2014,Cyprus,0,Asia
2014,Central African Republic,0,Africa
2014,Benin,14,Africa
2014,Denmark,3,Europe
2014,Dominica,3,North America
2014,Dominican Republic,2,North America
2014,Ecuador,65,South America
2014,El Salvador,1,North America
2014,Equatorial Guinea,0,Africa
2014,Ethiopia,28,Africa
2014,Eritrea,3,Africa
2014,Estonia,3,Europe
2014,Fiji,17,Oceania
2014,Finland,2,Europe
2014,France,118,Europe
2014,Djibouti,8,Africa
2014,Gabon,11,Africa
2014,Georgia,1,Asia
2014,Gambia,5,Africa
2014,"Palestine, State of",3,Asia
2014,Germany,1333,Europe
2014,Ghana,33,Africa
2014,Kiribati,10,Oceania
2014,Greece,2,Europe
2014,Grenada,3,North America
2014,Guatemala,0,North America
2014,Guinea,8,Africa
2014,Guyana,10,South America
2014,Haiti,10,North America
2014,Holy See (Vatican City State),0,
2014,Honduras,1,North America
2014,Hong Kong,24,Asia
2014,Hong Kong,639,Asia
2014,Hong Kong,20,Asia
2014,Hungary,3,Europe
2014,Iceland,30,Europe
2014,India,7905,Asia
2014,Indonesia,10176,Asia
2014,"Iran, Islamic Republic of",64,Asia
2014,Iraq,17,Asia
2014,Ireland,50,Europe
2014,Israel,3,Asia
2014,Italy,20,Europe
2014,Côte d'Ivoire,31,Africa
2014,Jamaica,28,North America
2014,Kazakhstan,84,Asia
2014,Jordan,115,Asia
2014,Kenya,33,Africa
2014,"Korea, Republic of",0,Asia
2014,"Korea, Republic of",4270,Asia
2014,Kuwait,132,Asia
2014,Kyrgyzstan,6,Asia
2014,Laos,82,Asia
2014,Lebanon,34,Asia
2014,Lesotho,1,Africa
2014,Latvia,1,Europe
2014,Liberia,5,Africa
2014,Libya,8,Africa
2014,Liechtenstein,0,Europe
2014,Lithuania,3,Europe
2014,Luxembourg,1,Europe
2014,Macau,45,Asia
2014,Macao,0,Asia
2014,Madagascar,11,Africa
2014,Malawi,10,Africa
2014,Malaysia,2085,Asia
2014,Maldives,38,Asia
2014,Northern Mariana Islands,4,Oceania
2014,Malta,2,Europe
2014,Mauritania,4,Africa
2014,Mauritius,1,Africa
2014,Mexico,13,North America
2014,Monaco,0,Europe
2014,Mongolia,844,Asia
2014,Moldova,1,Europe
2014,Montenegro,2,Europe
2014,Morocco,23,Africa
2014,Mozambique,34,Africa
2014,Oman,69,Asia
2014,Namibia,25,Africa
2014,Nauru,6,Oceania
2014,Nepal,71,Asia
2014,Netherlands,7,Europe
2014,Vanuatu,5,Oceania
2014,New Zealand,12,Oceania
2014,Nicaragua,6,North America
2014,Niger,15,Africa
2014,Nigeria,55,Africa
2014,Norway,11,Europe
2014,"Micronesia, Federated States of",194,Oceania
2014,Marshall Islands,27,Oceania
2014,Palau,298,Oceania
2014,Pakistan,236,Asia
2014,Panama,64,North America
2014,Papua New Guinea,69,Oceania
2014,Paraguay,32,South America
2014,Peru,147,South America
2014,Philippines,50436,Asia
2014,Poland,4,Europe
2014,Portugal,4,Europe
2014,Guinea,4,Africa
2014,Dominican Republic,34,North America
2014,Qatar,71,Asia
2014,Romania,0,Europe
2014,Russian Federation,2737,Europe
2014,Rwanda,0,Africa
2014,Saint Kitts and Nevis,10,North America
2014,St. Lucia,3,North America
2014,Saint Vincent and the Grenadines,3,North America
2014,San Marino,0,Europe
2014,Sao Tome and Principe,1,Africa
2014,Saudi Arabia,641,Asia
2014,Senegal,21,Africa
2014,Serbia,2,Europe
2014,Seychelles,8,Africa
2014,Sierra Leone,6,Africa
2014,Singapore,6,Asia
2014,Slovakia,0,Europe
2014,Viet Nam,1017,Asia
2014,Slovenia,0,Europe
2014,Somalia,8,Africa
2014,South Africa,596,Africa
2014,Zimbabwe,11,Africa
2014,Spain,15,Europe
2014,South Sudan,3,Africa
2014,Sudan,16,Africa
2014,Saint Helena,0,
2014,Eswatini,3,Africa
2014,Sweden,708,Europe
2014,Switzerland,10,Europe
2014,Syrian Arab Republic,16,Asia
2014,Tajikistan,0,Asia
2014,Thailand,180,Asia
2014,Togo,12,Africa
2014,Tonga,18,Oceania
2014,Trinidad and Tobago,32,North America
2014,United Arab Emirates,1886,Asia
2014,Tunisia,2,Africa
2014,Turkey,1,Asia
2014,Turkmenistan,0,Asia
2014,Zimbabwe,4,Africa
2014,Uganda,21,Africa
2014,Ukraine,185,Europe
2014,Central African Republic,1,Africa
2014,Egypt,193,Africa
2014,British Indian Ocean Territory,128,Asia
2014,South Georgia and the South Sandwich Islands,0,South America
2014,British Indian Ocean Territory,1,Asia
2014,British Indian Ocean Territory,0,Asia
2014,British Indian Ocean Territory,0,Asia
2014,"Tanzania, United Republic of",25,Africa
2014,United States,14501,North America
2014,Burkina Faso,18,Africa
2014,Uruguay,0,South America
2014,Uzbekistan,23,Asia
2014,"Venezuela, Bolivarian Republic of",97,South America
2014,Samoa,13,Oceania
2014,Yemen,12,Asia
2014,Zambia,5,Africa
2014,Kosovo,6,
2014,others,428,
2013,total,140649,
2013,Afghanistan,11,Asia
2013,Albania,10,Europe
2013,Algeria,23,Africa
2013,Russia,0,Europe
2013,Angola,78,Africa
2013,Antigua and Barbuda,0,North America
2013,Azerbaijan,24,Asia
2013,Argentina,6,South America
2013,Australia,210,Oceania
2013,Austria,6,Europe
2013,Bahamas,1,North America
2013,Bahrain,64,Asia
2013,Bangladesh,93,Asia
2013,Armenia,2,Asia
2013,Barbados,0,North America
2013,Belgium,0,Europe
2013,Bhutan,108,Asia
2013,"Bolivia, Plurinational State of",24,South America
2013,Bosnia and Herzegovina,7,Europe
2013,Botswana,24,Africa
2013,Brazil,1910,South America
2013,Belize,4,North America
2013,Solomon Islands,10,Oceania
2013,Brunei Darussalam,6,Asia
2013,Bulgaria,2,Europe
2013,Myanmar,459,Asia
2013,Bhutan,25,Asia
2013,Belarus,27,Europe
2013,Cambodia,77,Asia
2013,Cameroon,107,Africa
2013,Canada,569,North America
2013,Cabo Verde,8,Africa
2013,Central African Republic,0,Africa
2013,Sri Lanka,185,Asia
2013,Chad,13,Africa
2013,Chile,2,South America
2013,China,45044,Asia
2013,"Taiwan, Province of China",393,Asia
2013,Colombia,252,South America
2013,Comoros,20,Africa
2013,Congo,4,Africa
2013,"Congo, The Democratic Republic of the",9,Africa
2013,Costa Rica,6,North America
2013,Croatia,2,Europe
2013,Cuba,44,North America
2013,Cyprus,0,Asia
2013,Central African Republic,0,Africa
2013,Benin,72,Africa
2013,Denmark,3,Europe
2013,Dominica,1,North America
2013,Dominican Republic,5,North America
2013,Ecuador,41,South America
2013,El Salvador,3,North America
2013,Equatorial Guinea,15,Africa
2013,Ethiopia,33,Africa
2013,Eritrea,3,Africa
2013,Estonia,1,Europe
2013,Fiji,6,Oceania
2013,Finland,19,Europe
2013,France,108,Europe
2013,Djibouti,37,Africa
2013,Gabon,66,Africa
2013,Georgia,6,Asia
2013,Gambia,63,Africa
2013,"Palestine, State of",6,Asia
2013,Germany,1216,Europe
2013,Ghana,47,Africa
2013,Kiribati,10,Oceania
2013,Greece,0,Europe
2013,Grenada,0,North America
2013,Guatemala,4,North America
2013,Guinea,32,Africa
2013,Guyana,3,South America
2013,Haiti,6,North America
2013,Holy See (Vatican City State),0,
2013,Honduras,2,North America
2013,Hong Kong,19,Asia
2013,Hong Kong,514,Asia
2013,Hong Kong,21,Asia
2013,Hungary,1,Europe
2013,Iceland,33,Europe
2013,India,5930,Asia
2013,Indonesia,7904,Asia
2013,"Iran, Islamic Republic of",34,Asia
2013,Iraq,48,Asia
2013,Ireland,50,Europe
2013,Israel,8,Asia
2013,Italy,7,Europe
2013,Côte d'Ivoire,90,Africa
2013,Jamaica,29,North America
2013,Kazakhstan,46,Asia
2013,Jordan,42,Asia
2013,Kenya,31,Africa
2013,"Korea, Republic of",0,Asia
2013,"Korea, Republic of",4624,Asia
2013,Kuwait,36,Asia
2013,Kyrgyzstan,4,Asia
2013,Laos,78,Asia
2013,Lebanon,48,Asia
2013,Lesotho,1,Africa
2013,Latvia,4,Europe
2013,Liberia,27,Africa
2013,Libya,61,Africa
2013,Liechtenstein,0,Europe
2013,Lithuania,2,Europe
2013,Luxembourg,0,Europe
2013,Macau,31,Asia
2013,Macao,0,Asia
2013,Madagascar,12,Africa
2013,Malawi,53,Africa
2013,Malaysia,13952,Asia
2013,Maldives,14,Asia
2013,Northern Mariana Islands,27,Oceania
2013,Malta,0,Europe
2013,Mauritania,18,Africa
2013,Mauritius,14,Africa
2013,Mexico,10,North America
2013,Monaco,0,Europe
2013,Mongolia,859,Asia
2013,Moldova,4,Europe
2013,Montenegro,2,Europe
2013,Morocco,10,Africa
2013,Mozambique,97,Africa
2013,Oman,76,Asia
2013,Namibia,57,Africa
2013,Nauru,3,Oceania
2013,Nepal,130,Asia
2013,Netherlands,6,Europe
2013,Vanuatu,8,Oceania
2013,New Zealand,21,Oceania
2013,Nicaragua,12,North America
2013,Niger,36,Africa
2013,Nigeria,100,Africa
2013,Norway,28,Europe
2013,"Micronesia, Federated States of",158,Oceania
2013,Marshall Islands,32,Oceania
2013,Palau,301,Oceania
2013,Pakistan,243,Asia
2013,Panama,42,North America
2013,Papua New Guinea,80,Oceania
2013,Paraguay,23,South America
2013,Peru,133,South America
2013,Philippines,16347,Asia
2013,Poland,10,Europe
2013,Portugal,4,Europe
2013,Guinea,1,Africa
2013,Dominican Republic,28,North America
2013,Qatar,71,Asia
2013,Romania,3,Europe
2013,Russian Federation,2164,Europe
2013,Rwanda,3,Africa
2013,Saint Kitts and Nevis,7,North America
2013,St. Lucia,1,North America
2013,Saint Vincent and the Grenadines,1,North America
2013,San Marino,0,Europe
2013,Sao Tome and Principe,2,Africa
2013,Saudi Arabia,516,Asia
2013,Senegal,51,Africa
2013,Serbia,5,Europe
2013,Seychelles,11,Africa
2013,Sierra Leone,18,Africa
2013,Singapore,6,Asia
2013,Slovakia,0,Europe
2013,Viet Nam,766,Asia
2013,Slovenia,0,Europe
2013,Somalia,11,Africa
2013,South Africa,595,Africa
2013,Zimbabwe,43,Africa
2013,Spain,5,Europe
2013,South Sudan,33,Africa
2013,Sudan,40,Africa
2013,Saint Helena,0,
2013,Eswatini,60,Africa
2013,Sweden,537,Europe
2013,Switzerland,4,Europe
2013,Syrian Arab Republic,8,Asia
2013,Tajikistan,0,Asia
2013,Thailand,15111,Asia
2013,Togo,31,Africa
2013,Tonga,43,Oceania
2013,Trinidad and Tobago,32,North America
2013,United Arab Emirates,477,Asia
2013,Tunisia,6,Africa
2013,Turkey,6,Asia
2013,Turkmenistan,1,Asia
2013,Zimbabwe,5,Africa
2013,Uganda,44,Africa
2013,Ukraine,138,Europe
2013,Central African Republic,3,Africa
2013,Central African Republic,0,Africa
2013,Egypt,185,Africa
2013,British Indian Ocean Territory,148,Asia
2013,South Georgia and the South Sandwich Islands,0,South America
2013,British Indian Ocean Territory,0,Asia
2013,British Indian Ocean Territory,0,Asia
2013,British Indian Ocean Territory,0,Asia
2013,"Tanzania, United Republic of",40,Africa
2013,United States,14341,North America
2013,Burkina Faso,56,Africa
2013,Uruguay,2,South America
2013,Uzbekistan,21,Asia
2013,"Venezuela, Bolivarian Republic of",144,South America
2013,Samoa,8,Oceania
2013,Yemen,18,Asia
2013,Zambia,26,Africa
2013,Kosovo,4,
2013,others,447,
2012,total,123523,
2012,Afghanistan,69,Asia
2012,Albania,4,Europe
2012,Algeria,25,Africa
2012,Russia,0,Europe
2012,Angola,71,Africa
2012,Antigua and Barbuda,0,North America
2012,Azerbaijan,1,Asia
2012,Argentina,3,South America
2012,Australia,235,Oceania
2012,Austria,2,Europe
2012,Bahamas,1,North America
2012,Bahrain,76,Asia
2012,Bangladesh,69,Asia
2012,Armenia,1,Asia
2012,Barbados,1,North America
2012,Belgium,3,Europe
2012,Bhutan,98,Asia
2012,"Bolivia, Plurinational State of",16,South America
2012,Bosnia and Herzegovina,13,Europe
2012,Botswana,4,Africa
2012,Brazil,1549,South America
2012,Belize,2,North America
2012,Solomon Islands,20,Oceania
2012,Brunei Darussalam,8,Asia
2012,Bulgaria,2,Europe
2012,Myanmar,347,Asia
2012,Bhutan,8,Asia
2012,Belarus,12,Europe
2012,Cambodia,92,Asia
2012,Cameroon,7,Africa
2012,Canada,698,North America
2012,Cabo Verde,7,Africa
2012,Central African Republic,1,Africa
2012,Sri Lanka,158,Asia
2012,Chad,2,Africa
2012,Chile,1,South America
2012,China,47057,Asia
2012,"Taiwan, Province of China",274,Asia
2012,Colombia,171,South America
2012,Comoros,1,Africa
2012,Congo,25,Africa
2012,"Congo, The Democratic Republic of the",35,Africa
2012,Costa Rica,6,North America
2012,Croatia,1,Europe
2012,Cuba,31,North America
2012,Cyprus,0,Asia
2012,Central African Republic,0,Africa
2012,Benin,26,Africa
2012,Denmark,7,Europe
2012,Dominica,1,North America
2012,Dominican Republic,0,North America
2012,Ecuador,63,South America
2012,El Salvador,4,North America
2012,Equatorial Guinea,10,Africa
2012,Ethiopia,10,Africa
2012,Eritrea,3,Africa
2012,Estonia,0,Europe
2012,Fiji,17,Oceania
2012,Finland,5,Europe
2012,France,162,Europe
2012,Djibouti,10,Africa
2012,Gabon,27,Africa
2012,Georgia,20,Asia
2012,Gambia,3,Africa
2012,"Palestine, State of",3,Asia
2012,Germany,1059,Europe
2012,Ghana,22,Africa
2012,Kiribati,12,Oceania
2012,Greece,0,Europe
2012,Grenada,5,North America
2012,Guatemala,7,North America
2012,Guinea,6,Africa
2012,Guyana,6,South America
2012,Haiti,35,North America
2012,Holy See (Vatican City State),0,
2012,Honduras,0,North America
2012,Hong Kong,11,Asia
2012,Hong Kong,462,Asia
2012,Hong Kong,20,Asia
2012,Hungary,2,Europe
2012,Iceland,29,Europe
2012,India,5165,Asia
2012,Indonesia,5172,Asia
2012,"Iran, Islamic Republic of",59,Asia
2012,Iraq,45,Asia
2012,Ireland,58,Europe
2012,Israel,7,Asia
2012,Italy,7,Europe
2012,Côte d'Ivoire,36,Africa
2012,Jamaica,25,North America
2012,Kazakhstan,41,Asia
2012,Jordan,43,Asia
2012,Kenya,35,Africa
2012,"Korea, Republic of",0,Asia
2012,"Korea, Republic of",4857,Asia
2012,Kuwait,72,Asia
2012,Kyrgyzstan,3,Asia
2012,Laos,75,Asia
2012,Lebanon,26,Asia
2012,Lesotho,0,Africa
2012,Latvia,0,Europe
2012,Liberia,46,Africa
2012,Libya,40,Africa
2012,Liechtenstein,0,Europe
2012,Lithuania,2,Europe
2012,Luxembourg,0,Europe
2012,Macau,36,Asia
2012,Macao,1,Asia
2012,Madagascar,1,Africa
2012,Malawi,5,Africa
2012,Malaysia,14645,Asia
2012,Maldives,15,Asia
2012,Northern Mariana Islands,3,Oceania
2012,Malta,1,Europe
2012,Mauritania,17,Africa
2012,Mauritius,0,Africa
2012,Mexico,14,North America
2012,Monaco,0,Europe
2012,Mongolia,598,Asia
2012,Moldova,3,Europe
2012,Montenegro,5,Europe
2012,Morocco,15,Africa
2012,Mozambique,32,Africa
2012,Oman,104,Asia
2012,Namibia,29,Africa
2012,Nauru,8,Oceania
2012,Nepal,60,Asia
2012,Netherlands,3,Europe
2012,Vanuatu,11,Oceania
2012,New Zealand,19,Oceania
2012,Nicaragua,15,North America
2012,Niger,15,Africa
2012,Nigeria,102,Africa
2012,Norway,10,Europe
2012,"Micronesia, Federated States of",145,Oceania
2012,Marshall Islands,28,Oceania
2012,Palau,257,Oceania
2012,Pakistan,296,Asia
2012,Panama,102,North America
2012,Papua New Guinea,86,Oceania
2012,Paraguay,24,South America
2012,Peru,170,South America
2012,Philippines,3021,Asia
2012,Poland,6,Europe
2012,Portugal,13,Europe
2012,Guinea,1,Africa
2012,Dominican Republic,36,North America
2012,Qatar,67,Asia
2012,Romania,3,Europe
2012,Russian Federation,1613,Europe
2012,Rwanda,16,Africa
2012,Saint Kitts and Nevis,10,North America
2012,St. Lucia,5,North America
2012,Saint Vincent and the Grenadines,1,North America
2012,San Marino,0,Europe
2012,Sao Tome and Principe,3,Africa
2012,Saudi Arabia,605,Asia
2012,Senegal,19,Africa
2012,Serbia,4,Europe
2012,Seychelles,8,Africa
2012,Sierra Leone,9,Africa
2012,Singapore,14,Asia
2012,Slovakia,1,Europe
2012,Viet Nam,188,Asia
2012,Slovenia,2,Europe
2012,Somalia,0,Africa
2012,South Africa,603,Africa
2012,Zimbabwe,34,Africa
2012,Spain,6,Europe
2012,South Sudan,5,Africa
2012,Sudan,25,Africa
2012,Saint Helena,0,
2012,Eswatini,10,Africa
2012,Sweden,576,Europe
2012,Switzerland,8,Europe
2012,Syrian Arab Republic,12,Asia
2012,Tajikistan,0,Asia
2012,Thailand,14550,Asia
2012,Togo,21,Africa
2012,Tonga,18,Oceania
2012,Trinidad and Tobago,35,North America
2012,United Arab Emirates,265,Asia
2012,Tunisia,9,Africa
2012,Turkey,4,Asia
2012,Turkmenistan,0,Asia
2012,Zimbabwe,6,Africa
2012,Uganda,18,Africa
2012,Ukraine,67,Europe
2012,Central African Republic,1,Africa
2012,Central African Republic,0,Africa
2012,Egypt,169,Africa
2012,British Indian Ocean Territory,399,Asia
2012,South Georgia and the South Sandwich Islands,0,South America
2012,British Indian Ocean Territory,0,Asia
2012,British Indian Ocean Territory,0,Asia
2012,British Indian Ocean Territory,0,Asia
2012,"Tanzania, United Republic of",37,Africa
2012,United States,14012,North America
2012,Burkina Faso,39,Africa
2012,Uruguay,5,South America
2012,Uzbekistan,18,Asia
2012,"Venezuela, Bolivarian Republic of",162,South America
2012,Samoa,12,Oceania
2012,Yemen,20,Asia
2012,Zambia,55,Africa
2012,Kosovo,19,
2012,others,715,
2011,total,80123,
2011,Afghanistan,21,Asia
2011,Albania,1,Europe
2011,Algeria,17,Africa
2011,Russia,0,Europe
2011,Angola,64,Africa
2011,Antigua and Barbuda,0,North America
2011,Azerbaijan,2,Asia
2011,Argentina,8,South America
2011,Australia,186,Oceania
2011,Austria,1,Europe
2011,Bahamas,1,North America
2011,Bahrain,24,Asia
2011,Bangladesh,35,Asia
2011,Armenia,0,Asia
2011,Barbados,0,North America
2011,Belgium,7,Europe
2011,Bhutan,155,Asia
2011,"Bolivia, Plurinational State of",18,South America
2011,Bosnia and Herzegovina,4,Europe
2011,Botswana,10,Africa
2011,Brazil,946,South America
2011,Belize,4,North America
2011,Solomon Islands,17,Oceania
2011,Brunei Darussalam,5,Asia
2011,Bulgaria,3,Europe
2011,Myanmar,198,Asia
2011,Bhutan,2,Asia
2011,Belarus,13,Europe
2011,Cambodia,53,Asia
2011,Cameroon,13,Africa
2011,Canada,579,North America
2011,Cabo Verde,3,Africa
2011,Central African Republic,0,Africa
2011,Sri Lanka,153,Asia
2011,Chad,3,Africa
2011,Chile,10,South America
2011,China,33025,Asia
2011,"Taiwan, Province of China",249,Asia
2011,Colombia,149,South America
2011,Comoros,0,Africa
2011,Congo,7,Africa
2011,"Congo, The Democratic Republic of the",14,Africa
2011,Costa Rica,8,North America
2011,Croatia,6,Europe
2011,Cuba,44,North America
2011,Cyprus,0,Asia
2011,Central African Republic,1,Africa
2011,Benin,3,Africa
2011,Denmark,4,Europe
2011,Dominica,1,North America
2011,Dominican Republic,3,North America
2011,Ecuador,48,South America
2011,El Salvador,4,North America
2011,Equatorial Guinea,5,Africa
2011,Ethiopia,17,Africa
2011,Eritrea,0,Africa
2011,Estonia,0,Europe
2011,Fiji,8,Oceania
2011,Finland,15,Europe
2011,France,162,Europe
2011,Djibouti,7,Africa
2011,Gabon,9,Africa
2011,Georgia,4,Asia
2011,Gambia,9,Africa
2011,"Palestine, State of",5,Asia
2011,Germany,919,Europe
2011,Ghana,18,Africa
2011,Kiribati,10,Oceania
2011,Greece,0,Europe
2011,Grenada,2,North America
2011,Guatemala,3,North America
2011,Guinea,3,Africa
2011,Guyana,1,South America
2011,Haiti,6,North America
2011,Holy See (Vatican City State),0,
2011,Honduras,1,North America
2011,Hong Kong,9,Asia
2011,Hong Kong,406,Asia
2011,Hong Kong,18,Asia
2011,Hungary,3,Europe
2011,Iceland,25,Europe
2011,India,4067,Asia
2011,Indonesia,2712,Asia
2011,"Iran, Islamic Republic of",66,Asia
2011,Iraq,38,Asia
2011,Ireland,59,Europe
2011,Israel,4,Asia
2011,Italy,6,Europe
2011,Côte d'Ivoire,14,Africa
2011,Jamaica,23,North America
2011,Kazakhstan,21,Asia
2011,Jordan,55,Asia
2011,Kenya,17,Africa
2011,"Korea, Republic of",0,Asia
2011,"Korea, Republic of",5526,Asia
2011,Kuwait,44,Asia
2011,Kyrgyzstan,3,Asia
2011,Laos,51,Asia
2011,Lebanon,19,Asia
2011,Lesotho,0,Africa
2011,Latvia,2,Europe
2011,Liberia,5,Africa
2011,Libya,4,Africa
2011,Liechtenstein,0,Europe
2011,Lithuania,5,Europe
2011,Luxembourg,1,Europe
2011,Macau,27,Asia
2011,Macao,1,Asia
2011,Madagascar,0,Africa
2011,Malawi,8,Africa
2011,Malaysia,5083,Asia
2011,Maldives,14,Asia
2011,Northern Mariana Islands,4,Oceania
2011,Malta,0,Europe
2011,Mauritania,2,Africa
2011,Mauritius,0,Africa
2011,Mexico,5,North America
2011,Monaco,1,Europe
2011,Mongolia,192,Asia
2011,Moldova,4,Europe
2011,Montenegro,2,Europe
2011,Morocco,6,Africa
2011,Mozambique,8,Africa
2011,Oman,66,Asia
2011,Namibia,3,Africa
2011,Nauru,1,Oceania
2011,Nepal,72,Asia
2011,Netherlands,6,Europe
2011,Vanuatu,4,Oceania
2011,New Zealand,10,Oceania
2011,Nicaragua,15,North America
2011,Niger,2,Africa
2011,Nigeria,62,Africa
2011,Norway,18,Europe
2011,"Micronesia, Federated States of",133,Oceania
2011,Marshall Islands,8,Oceania
2011,Palau,316,Oceania
2011,Pakistan,261,Asia
2011,Panama,33,North America
2011,Papua New Guinea,70,Oceania
2011,Paraguay,6,South America
2011,Peru,98,South America
2011,Philippines,2305,Asia
2011,Poland,5,Europe
2011,Portugal,6,Europe
2011,Guinea,4,Africa
2011,Dominican Republic,27,North America
2011,Qatar,76,Asia
2011,Romania,1,Europe
2011,Russian Federation,1177,Europe
2011,Rwanda,2,Africa
2011,Saint Kitts and Nevis,7,North America
2011,St. Lucia,0,North America
2011,Saint Vincent and the Grenadines,0,North America
2011,San Marino,0,Europe
2011,Sao Tome and Principe,0,Africa
2011,Saudi Arabia,286,Asia
2011,Senegal,27,Africa
2011,Serbia,20,Europe
2011,Seychelles,4,Africa
2011,Sierra Leone,2,Africa
2011,Singapore,20,Asia
2011,Slovakia,1,Europe
2011,Viet Nam,195,Asia
2011,Slovenia,0,Europe
2011,Somalia,1,Africa
2011,South Africa,417,Africa
2011,Zimbabwe,19,Africa
2011,Spain,3,Europe
2011,South Sudan,0,Africa
2011,Sudan,19,Africa
2011,Saint Helena,0,
2011,Eswatini,0,Africa
2011,Sweden,526,Europe
2011,Switzerland,22,Europe
2011,Syrian Arab Republic,20,Asia
2011,Tajikistan,0,Asia
2011,Thailand,2499,Asia
2011,Togo,41,Africa
2011,Tonga,8,Oceania
2011,Trinidad and Tobago,8,North America
2011,United Arab Emirates,385,Asia
2011,Tunisia,3,Africa
2011,Turkey,8,Asia
2011,Turkmenistan,0,Asia
2011,Zimbabwe,1,Africa
2011,Uganda,3,Africa
2011,Ukraine,46,Europe
2011,Central African Republic,22,Africa
2011,Central African Republic,0,Africa
2011,Egypt,121,Africa
2011,British Indian Ocean Territory,875,Asia
2011,South Georgia and the South Sandwich Islands,0,South America
2011,British Indian Ocean Territory,0,Asia
2011,British Indian Ocean Territory,0,Asia
2011,British Indian Ocean Territory,0,Asia
2011,"Tanzania, United Republic of",18,Africa
2011,United States,13117,North America
2011,Burkina Faso,25,Africa
2011,Uruguay,2,South America
2011,Uzbekistan,56,Asia
2011,"Venezuela, Bolivarian Republic of",105,South America
2011,Samoa,10,Oceania
2011,Yemen,1,Asia
2011,Zambia,9,Africa
2011,Kosovo,6,
2011,others,492,
2010,total,75896,
2010,Afghanistan,106,Asia
2010,Albania,3,Europe
2010,Algeria,18,Africa
2010,Russia,0,Europe
2010,Angola,40,Africa
2010,Antigua and Barbuda,6,North America
2010,Azerbaijan,3,Asia
2010,Argentina,14,South America
2010,Australia,98,Oceania
2010,Austria,3,Europe
2010,Bahamas,1,North America
2010,Bahrain,33,Asia
2010,Bangladesh,44,Asia
2010,Armenia,3,Asia
2010,Barbados,3,North America
2010,Belgium,12,Europe
2010,Bhutan,103,Asia
2010,"Bolivia, Plurinational State of",27,South America
2010,Bosnia and Herzegovina,9,Europe
2010,Botswana,35,Africa
2010,Brazil,1418,South America
2010,Belize,4,North America
2010,Solomon Islands,21,Oceania
2010,Brunei Darussalam,1,Asia
2010,Bulgaria,2,Europe
2010,Myanmar,137,Asia
2010,Bhutan,1,Asia
2010,Belarus,25,Europe
2010,Cambodia,83,Asia
2010,Cameroon,34,Africa
2010,Canada,949,North America
2010,Cabo Verde,5,Africa
2010,Central African Republic,4,Africa
2010,Sri Lanka,167,Asia
2010,Chad,5,Africa
2010,Chile,8,South America
2010,China,21243,Asia
2010,"Taiwan, Province of China",385,Asia
2010,Colombia,148,South America
2010,Comoros,1,Africa
2010,Congo,8,Africa
2010,"Congo, The Democratic Republic of the",17,Africa
2010,Costa Rica,0,North America
2010,Croatia,2,Europe
2010,Cuba,43,North America
2010,Cyprus,0,Asia
2010,Central African Republic,1,Africa
2010,Benin,10,Africa
2010,Denmark,4,Europe
2010,Dominica,5,North America
2010,Dominican Republic,3,North America
2010,Ecuador,174,South America
2010,El Salvador,11,North America
2010,Equatorial Guinea,10,Africa
2010,Ethiopia,6,Africa
2010,Eritrea,5,Africa
2010,Estonia,2,Europe
2010,Fiji,21,Oceania
2010,Finland,18,Europe
2010,France,171,Europe
2010,Djibouti,53,Africa
2010,Gabon,62,Africa
2010,Georgia,5,Asia
2010,Gambia,4,Africa
2010,"Palestine, State of",3,Asia
2010,Germany,1245,Europe
2010,Ghana,58,Africa
2010,Kiribati,19,Oceania
2010,Greece,0,Europe
2010,Grenada,6,North America
2010,Guatemala,11,North America
2010,Guinea,2,Africa
2010,Guyana,5,South America
2010,Haiti,6,North America
2010,Holy See (Vatican City State),0,
2010,Honduras,3,North America
2010,Hong Kong,5,Asia
2010,Hong Kong,597,Asia
2010,Hong Kong,32,Asia
2010,Hungary,2,Europe
2010,Iceland,30,Europe
2010,India,4377,Asia
2010,Indonesia,2951,Asia
2010,"Iran, Islamic Republic of",74,Asia
2010,Iraq,11,Asia
2010,Ireland,57,Europe
2010,Israel,7,Asia
2010,Italy,9,Europe
2010,Côte d'Ivoire,23,Africa
2010,Jamaica,17,North America
2010,Kazakhstan,47,Asia
2010,Jordan,124,Asia
2010,Kenya,45,Africa
2010,"Korea, Republic of",0,Asia
2010,"Korea, Republic of",6099,Asia
2010,Kuwait,80,Asia
2010,Kyrgyzstan,2,Asia
2010,Laos,45,Asia
2010,Lebanon,29,Asia
2010,Lesotho,11,Africa
2010,Latvia,0,Europe
2010,Liberia,8,Africa
2010,Libya,46,Africa
2010,Liechtenstein,0,Europe
2010,Lithuania,0,Europe
2010,Luxembourg,1,Europe
2010,Macau,30,Asia
2010,Macao,0,Asia
2010,Madagascar,0,Africa
2010,Malawi,25,Africa
2010,Malaysia,5662,Asia
2010,Maldives,24,Asia
2010,Northern Mariana Islands,16,Oceania
2010,Malta,0,Europe
2010,Mauritania,8,Africa
2010,Mauritius,1,Africa
2010,Mexico,10,North America
2010,Monaco,0,Europe
2010,Mongolia,190,Asia
2010,Moldova,0,Europe
2010,Montenegro,2,Europe
2010,Morocco,13,Africa
2010,Mozambique,9,Africa
2010,Oman,139,Asia
2010,Namibia,26,Africa
2010,Nauru,4,Oceania
2010,Nepal,63,Asia
2010,Netherlands,3,Europe
2010,Vanuatu,22,Oceania
2010,New Zealand,21,Oceania
2010,Nicaragua,10,North America
2010,Niger,5,Africa
2010,Nigeria,78,Africa
2010,Norway,19,Europe
2010,"Micronesia, Federated States of",53,Oceania
2010,Marshall Islands,16,Oceania
2010,Palau,365,Oceania
2010,Pakistan,217,Asia
2010,Panama,30,North America
2010,Papua New Guinea,148,Oceania
2010,Paraguay,28,South America
2010,Peru,128,South America
2010,Philippines,2427,Asia
2010,Poland,1,Europe
2010,Portugal,10,Europe
2010,Guinea,21,Africa
2010,Dominican Republic,28,North America
2010,Qatar,70,Asia
2010,Romania,1,Europe
2010,Russian Federation,1883,Europe
2010,Rwanda,7,Africa
2010,Saint Kitts and Nevis,6,North America
2010,St. Lucia,6,North America
2010,Saint Vincent and the Grenadines,5,North America
2010,San Marino,0,Europe
2010,Sao Tome and Principe,3,Africa
2010,Saudi Arabia,476,Asia
2010,Senegal,29,Africa
2010,Serbia,43,Europe
2010,Seychelles,5,Africa
2010,Sierra Leone,3,Africa
2010,Singapore,11,Asia
2010,Slovakia,2,Europe
2010,Viet Nam,126,Asia
2010,Slovenia,2,Europe
2010,Somalia,1,Africa
2010,South Africa,616,Africa
2010,Zimbabwe,26,Africa
2010,Spain,5,Europe
2010,Sudan,49,Africa
2010,Saint Helena,1,
2010,Eswatini,3,Africa
2010,Sweden,502,Europe
2010,Switzerland,12,Europe
2010,Syrian Arab Republic,13,Asia
2010,Tajikistan,0,Asia
2010,Thailand,2554,Asia
2010,Togo,13,Africa
2010,Tonga,21,Oceania
2010,Trinidad and Tobago,20,North America
2010,United Arab Emirates,703,Asia
2010,Tunisia,1,Africa
2010,Turkey,5,Asia
2010,Turkmenistan,2,Asia
2010,Zimbabwe,5,Africa
2010,Uganda,14,Africa
2010,Ukraine,85,Europe
2010,Central African Republic,2,Africa
2010,Yugoslavia,1,
2010,Egypt,198,Africa
2010,British Indian Ocean Territory,950,Asia
2010,South Georgia and the South Sandwich Islands,0,South America
2010,British Indian Ocean Territory,0,Asia
2010,British Indian Ocean Territory,0,Asia
2010,British Indian Ocean Territory,0,Asia
2010,"Tanzania, United Republic of",51,Africa
2010,United States,14838,North America
2010,Burkina Faso,16,Africa
2010,Uruguay,2,South America
2010,Uzbekistan,10,Asia
2010,"Venezuela, Bolivarian Republic of",121,South America
2010,Samoa,11,Oceania
2010,Yemen,22,Asia
2010,Zambia,20,Africa
2010,Kosovo,1,
2010,others,548,
2009,total,65574,
2009,Afghanistan,28,Asia
2009,Albania,4,Europe
2009,Algeria,28,Africa
2009,Russia,0,Europe
2009,Angola,31,Africa
2009,Antigua and Barbuda,6,North America
2009,Azerbaijan,0,Asia
2009,Argentina,9,South America
2009,Australia,80,Oceania
2009,Austria,15,Europe
2009,Bahamas,0,North America
2009,Bahrain,23,Asia
2009,Bangladesh,52,Asia
2009,Armenia,3,Asia
2009,Barbados,0,North America
2009,Belgium,6,Europe
2009,Bhutan,65,Asia
2009,"Bolivia, Plurinational State of",30,South America
2009,Bosnia and Herzegovina,5,Europe
2009,Botswana,5,Africa
2009,Brazil,1089,South America
2009,Belize,3,North America
2009,Solomon Islands,21,Oceania
2009,Brunei Darussalam,3,Asia
2009,Bulgaria,6,Europe
2009,Myanmar,258,Asia
2009,Bhutan,1,Asia
2009,Belarus,17,Europe
2009,Cambodia,88,Asia
2009,Cameroon,16,Africa
2009,Canada,808,North America
2009,Cabo Verde,0,Africa
2009,Central African Republic,7,Africa
2009,Sri Lanka,208,Asia
2009,Chad,0,Africa
2009,Chile,10,South America
2009,China,14650,Asia
2009,"Taiwan, Province of China",252,Asia
2009,Colombia,155,South America
2009,Comoros,1,Africa
2009,Congo,2,Africa
2009,"Congo, The Democratic Republic of the",14,Africa
2009,Costa Rica,0,North America
2009,Croatia,3,Europe
2009,Cuba,112,North America
2009,Cyprus,0,Asia
2009,Central African Republic,1,Africa
2009,Benin,13,Africa
2009,Denmark,3,Europe
2009,Dominica,0,North America
2009,Dominican Republic,5,North America
2009,Ecuador,55,South America
2009,El Salvador,4,North America
2009,Equatorial Guinea,0,Africa
2009,Ethiopia,8,Africa
2009,Eritrea,1,Africa
2009,Estonia,1,Europe
2009,Fiji,31,Oceania
2009,Finland,13,Europe
2009,France,138,Europe
2009,Djibouti,11,Africa
2009,Gabon,19,Africa
2009,Georgia,8,Asia
2009,Gambia,2,Africa
2009,"Palestine, State of",5,Asia
2009,Germany,1148,Europe
2009,Ghana,23,Africa
2009,Kiribati,10,Oceania
2009,Greece,13,Europe
2009,Grenada,1,North America
2009,Guatemala,6,North America
2009,Guinea,1,Africa
2009,Guyana,0,South America
2009,Haiti,3,North America
2009,Honduras,2,North America
2009,China,4,Asia
2009,Hong Kong,3,Asia
2009,Hong Kong,641,Asia
2009,Hungary,5,Europe
2009,Iceland,23,Europe
2009,India,3897,Asia
2009,Indonesia,2907,Asia
2009,"Iran, Islamic Republic of",57,Asia
2009,Iraq,23,Asia
2009,Ireland,42,Europe
2009,Israel,16,Asia
2009,Italy,16,Europe
2009,Côte d'Ivoire,21,Africa
2009,Jamaica,19,North America
2009,Kazakhstan,31,Asia
2009,Jordan,116,Asia
2009,Kenya,22,Africa
2009,"Korea, Republic of",5671,Asia
2009,Kuwait,62,Asia
2009,Kyrgyzstan,5,Asia
2009,Laos,39,Asia
2009,Lebanon,23,Asia
2009,Lesotho,5,Africa
2009,Latvia,3,Europe
2009,Liberia,5,Africa
2009,Libya,10,Africa
2009,Lithuania,0,Europe
2009,Luxembourg,0,Europe
2009,Macau,29,Asia
2009,Macao,0,Asia
2009,Madagascar,17,Africa
2009,Malawi,6,Africa
2009,Malaysia,5791,Asia
2009,Maldives,14,Asia
2009,Northern Mariana Islands,10,Oceania
2009,Malta,3,Europe
2009,Mauritania,0,Africa
2009,Mauritius,0,Africa
2009,Mexico,66,North America
2009,Mongolia,174,Asia
2009,Moldova,1,Europe
2009,Montenegro,0,Europe
2009,Morocco,22,Africa
2009,Mozambique,20,Africa
2009,Oman,95,Asia
2009,Namibia,9,Africa
2009,Nauru,5,Oceania
2009,Nepal,53,Asia
2009,Netherlands,4,Europe
2009,Vanuatu,14,Oceania
2009,New Zealand,16,Oceania
2009,Nicaragua,17,North America
2009,Niger,1,Africa
2009,Nigeria,40,Africa
2009,Norway,12,Europe
2009,"Micronesia, Federated States of",55,Oceania
2009,Marshall Islands,7,Oceania
2009,Palau,347,Oceania
2009,Pakistan,236,Asia
2009,Panama,32,North America
2009,Papua New Guinea,84,Oceania
2009,Paraguay,8,South America
2009,Peru,162,South America
2009,Philippines,2248,Asia
2009,Poland,3,Europe
2009,Portugal,5,Europe
2009,Guinea,3,Africa
2009,Dominican Republic,33,North America
2009,Qatar,143,Asia
2009,Romania,19,Europe
2009,Russian Federation,1611,Europe
2009,Rwanda,10,Africa
2009,Saint Kitts and Nevis,2,North America
2009,St. Lucia,11,North America
2009,Saint Vincent and the Grenadines,2,North America
2009,San Marino,0,Europe
2009,Sao Tome and Principe,1,Africa
2009,Saudi Arabia,537,Asia
2009,Senegal,22,Africa
2009,Serbia,28,Europe
2009,Seychelles,4,Africa
2009,Sierra Leone,7,Africa
2009,Singapore,16,Asia
2009,Slovakia,3,Europe
2009,Viet Nam,131,Asia
2009,Slovenia,2,Europe
2009,Somalia,1,Africa
2009,South Africa,456,Africa
2009,Zimbabwe,11,Africa
2009,Spain,7,Europe
2009,Sudan,47,Africa
2009,Saint Helena,1,
2009,Eswatini,1,Africa
2009,Sweden,454,Europe
2009,Switzerland,10,Europe
2009,Syrian Arab Republic,28,Asia
2009,Tajikistan,1,Asia
2009,Thailand,2268,Asia
2009,Togo,9,Africa
2009,Tonga,12,Oceania
2009,Trinidad and Tobago,15,North America
2009,United Arab Emirates,289,Asia
2009,Tunisia,4,Africa
2009,Turkey,3,Asia
2009,Turkmenistan,0,Asia
2009,Zimbabwe,8,Africa
2009,Uganda,12,Africa
2009,Ukraine,40,Europe
2009,Central African Republic,3,Africa
2009,Yugoslavia,8,
2009,Central African Republic,1,Africa
2009,Egypt,165,Africa
2009,British Indian Ocean Territory,899,Asia
2009,South Georgia and the South Sandwich Islands,0,South America
2009,British Indian Ocean Territory,0,Asia
2009,British Indian Ocean Territory,0,Asia
2009,British Indian Ocean Territory,0,Asia
2009,British Indian Ocean Territory,58,Asia
2009,"Tanzania, United Republic of",31,Africa
2009,United States,14509,North America
2009,Burkina Faso,13,Africa
2009,Uruguay,9,South America
2009,Uzbekistan,13,Asia
2009,"Venezuela, Bolivarian Republic of",267,South America
2009,Samoa,13,Oceania
2009,Yemen,12,Asia
2009,Zambia,10,Africa
2009,Kosovo,1,
2009,others,389,
2008,total,68749,
2008,Australia,76,Oceania
2008,Bangladesh,61,Asia
2008,Brazil,1500,South America
2008,Myanmar,269,Asia
2008,Canada,1108,North America
2008,Sri Lanka,227,Asia
2008,China,14300,Asia
2008,"Taiwan, Province of China",362,Asia
2008,Colombia,138,South America
2008,France,169,Europe
2008,Germany,1102,Europe
2008,India,4308,Asia
2008,Indonesia,2559,Asia
2008,"Iran, Islamic Republic of",83,Asia
2008,"Korea, Republic of",5692,Asia
2008,Malaysia,5926,Asia
2008,Mongolia,244,Asia
2008,Nepal,68,Asia
2008,Pakistan,199,Asia
2008,Peru,137,South America
2008,Philippines,2261,Asia
2008,Romania,58,Europe
2008,Russian Federation,2287,Europe
2008,Viet Nam,124,Asia
2008,South Africa,781,Africa
2008,Thailand,2975,Asia
2008,Ukraine,70,Europe
2008,Egypt,206,Africa
2008,British Indian Ocean Territory,933,Asia
2008,United States,13482,North America
2007,total,60836,
2007,Australia,74,Oceania
2007,Bangladesh,96,Asia
2007,Brazil,1121,South America
2007,Myanmar,269,Asia
2007,Canada,640,North America
2007,Sri Lanka,351,Asia
2007,China,11408,Asia
2007,"Taiwan, Province of China",439,Asia
2007,Colombia,218,South America
2007,France,187,Europe
2007,Germany,1169,Europe
2007,India,4882,Asia
2007,Indonesia,2194,Asia
2007,"Iran, Islamic Republic of",114,Asia
2007,"Korea, Republic of",5577,Asia
2007,Malaysia,5876,Asia
2007,Mongolia,406,Asia
2007,Nepal,86,Asia
2007,Pakistan,286,Asia
2007,Peru,94,South America
2007,Philippines,2048,Asia
2007,Romania,31,Europe
2007,Russian Federation,1619,Europe
2007,Viet Nam,163,Asia
2007,South Africa,640,Africa
2007,Thailand,2536,Asia
2007,Ukraine,56,Europe
2007,Egypt,169,Africa
2007,British Indian Ocean Territory,853,Asia
2007,United States,12152,North America
2007,others,5082,
2006,total,58142,
2006,Afghanistan,69,Asia
2006,Australia,85,Oceania
2006,Bangladesh,93,Asia
2006,Brazil,881,South America
2006,Myanmar,193,Asia
2006,Canada,639,North America
2006,Sri Lanka,302,Asia
2006,China,8786,Asia
2006,"Taiwan, Province of China",423,Asia
2006,France,210,Europe
2006,Germany,1236,Europe
2006,India,4692,Asia
2006,Indonesia,2772,Asia
2006,"Iran, Islamic Republic of",73,Asia
2006,"Korea, Republic of",6338,Asia
2006,Malaysia,6342,Asia
2006,Mongolia,345,Asia
2006,Nepal,79,Asia
2006,Pakistan,205,Asia
2006,Peru,80,South America
2006,Philippines,1954,Asia
2006,Romania,45,Europe
2006,Russian Federation,1055,Europe
2006,Viet Nam,109,Asia
2006,South Africa,521,Africa
2006,Thailand,1792,Asia
2006,Ukraine,41,Europe
2006,Egypt,174,Africa
2006,British Indian Ocean Territory,1035,Asia
2006,United States,12406,North America
2006,others,5167,
